/nissan-gt-r.htm,/Nissan-GTR-las-vegas-nevada
/2011-nissan-quest-las-vegas-henderson-nevada.htm,/Nissan-Quest-las-vegas-nevada
/nissan-juke-las-vegas-henderson.htm,/Nissan-Juke-las-vegas-nevada
/nissan-leaf-electric-car-las-vegas.htm,/Nissan-Leaf-Electric-Car-las-vegas-nevada
/nissan-maxima.htm,/Nissan-Maxima-las-vegas-nevada
/nissan-altima.htm,/Nissan-Altima-las-vegas-nevada
/nissan-versa.htm,/Nissan-Versa-las-vegas-nevada
/nissan-sentra.htm,/Nissan-Sentra-las-vegas-nevada
/nissan-xterra.htm,/Nissan-Xterra-las-vegas-nevada
/nissan-cube.htm,/Nissan-Cube-las-vegas-nevada
/nissan-gtr.htm,/2011-Nissan-GTR-las-vegas-nevada
/nissan-frontier.htm,/Nissan-Frontier-las-vegas-nevada
/nissan-titan-truck.htm,/Nissan-Titan-las-vegas-nevada
/nissan-armada.htm,/Nissan-Armada-las-vegas-nevada
/nissan-rogue.htm,/Nissan-Rogue-las-vegas-nevada
/nissan-murano.htm,/Nissan-Murano-las-vegas-nevada
/nissan-pathfinder.htm,/Nissan-Pathfinder-las-vegas-nevada
/nissan-2009-370z.htm,/Nissan-370Z-las-vegas-nevada
/nissan-altima-coupe.htm,/Nissan-Altima-Coupe-las-vegas-nevada
/nissan-350z.htm,/Nissan-350Z-las-vegas-nevada
